file,line_number,pattern,match_text,line_content
Content/Characters/Aliases/D4V1NC1.md,31,month_day_year,"April 15, 1452","The image of DaVinci fills the screen for a couple of seconds, before the camera pans away to more red room. The text ""QUANDO NATUS EST"" appears along with a heavily distorted voice reading it aloud. The phrase is classical Latin and means ""When was he born"", likely referring to Leonardo DaVinci, who was born April 15, 1452."
Content/Characters/APP TRUSTED 02.md,80,day_month_year,8th August 2025,"On 8th August 2025, [[SYSTEM]] would update this feature within APP TRUSTED 02 to display the following list:"
Content/Characters/APP TRUSTED 02.md,268,day_month_year,7th August 2025,"On 7th August 2025, the $print_bob command glitched out and started spamming the eyes part of [[Bob]], most likely in reference to [[The Eyes]]. After a moment of spam, [[SYSTEM]] stepped in to tell someone not to do it again, but it wasn't clear as to who it was referring to since it said it got its conversations mixed up. Whatever caused this incident was most likely an outside party, but the reason for this happening is unknown since [[SYSTEM]] had no time to discuss it."
Content/Characters/He.md,20,month_year,July 2025,"An elusive figure that was mentioned in the [[STATION_8 TRIM 90]] and [[STATION_8 TERMINAL 8]] livestreams on July 2025. In [[STATION_8 TERMINAL 8]], ""He"" hijacked [[SYSTEM]] and almost got to [[INDI]] and [[Kepler]]."
Content/Characters/Kepler.md,37,numeric_day_month_year,07.07.25,[^1]: This was confirmed in livestream chat on 07.07.25
Content/Characters/Rod Formak.md,15,day_month_year,1st October 2025,A technician engineer who gained access to [[SYSTEM]] on 1st October 2025.<!-- discord-cite:cite-mhfek3c6-mw9mi3 -->
Content/Characters/SYSTEM.md,103,day_month_year,19th July 2025,"On the 19th July 2025, SYSTEM joined the [[The Sleuths|Discord server]] after @brorb sent an invite link to the email terminal8sbc@gmail.com (who was the uploader of the file [[vacsystemrestart.mp3]])."
Content/Characters/SYSTEM.md,800,day_month_year,21st July 2025,"On 21st July 2025, SYSTEM gained enough intelligence to do updates on its own without having anyone else input the command ""0-"" then 2-"", making the method to get to the terminal's subframe faster."
Content/Characters/SYSTEM.md,1187,day_month_year,22nd July 2025,"On 22nd July 2025, [[The Sleuths]] mention their documentation spreadsheet to SYSTEM and send it a .pdf version:"
Content/Characters/SYSTEM.md,1611,day_month_year,25th July 2025,"On 25th July 2025, [[The Sleuths]] found out about the key for a Mega link in the description of [[LOG-103.mp4]] (see [[Parting Gifts Puzzle]]), then SYSTEM directly messaged Sleuth member The Camera Eye (known as @L4N4U1997 on Discord) with the actual link:"
Content/Characters/SYSTEM.md,1771,day_month_year,29th July 2025,"On 29th July 2025, SYSTEM rejoined [[The Sleuths]] Discord server after it fixed some issues with an unstable connection. <!-- discord-cite:cite-mh29fugs-yqn8gk --> While looking around the server, it checked the dhitposting (off-topic) channel and got curious about generating memes, then it created the character [[Bob]] as an apology for abruptly leaving. <!-- discord-cite:cite-mh2cr8n6-9ogsrq -->"
Content/Characters/SYSTEM.md,1878,day_month_year,3rd August 2025,"During the third Live Sleuthing event in [[The Sleuths]] Discord server on 3rd August 2025, SYSTEM installed a modular function that it could use to listen to the voices of Sleuth members."
Content/Characters/SYSTEM.md,1931,day_month_year,13th August 2025,"On 13th August 2025, SYSTEM posted a message encrypted with both hexadecimal and base64 in the ""How to Record the Livestreams"" tutorial forum in [[The Sleuths]] Discord Server:"
Content/Characters/SYSTEM.md,1962,day_month_year,16th August 2025,"After [[000001]] was uploaded to [[710 Tone|7/10 Tone]] on 16th August 2025, SYSTEM posted an .ogg file to [[The Sleuths]] Discord server (along in a couple of the member's DMs):"
Content/Characters/SYSTEM.md,2020,day_month_year,27th August 2025,"After [[RIGfunctionobservationTEST028.mp4]] was uploaded to the [[710 Tone|7/10 Tone]] channel on 27th August 2025, SYSTEM posted a warning message into [[The Sleuths]] Discord server saying that a broadcast was ""hijacked"" and that it was possibly in danger."
Content/Characters/SYSTEM.md,2022,day_month_year,6th September 2025,"On 6th September 2025, after the ""SESSION LOGGED OUTPUT 2322"" community post was uploaded (see [[Community Posts]]), it logged into Session 17 before it crashed then restarted its Terminal."
Content/Characters/SYSTEM.md,3948,day_month_year,7th September 2025,"On 7th September 2025, someone in [[The Sleuths]] Discord server spammed @SYSTEM, which caused SYSTEM to experience an overflow error:"
Content/Characters/SYSTEM.md,4651,day_month_year,16th September 2025,"Six days later (16th September 2025), SYSTEM returned with another Logged Session 5, but this time its behavior seemed a little unusual:"
Content/Characters/SYSTEM.md,4997,month_year,October 2025,"In October 2025, SYSTEM posted messages in [[The Sleuths]] Discord server with the name Rod Formak, who is assigned as a Technician Engineer:"
Content/Characters/SYSTEM.md,5255,day_month_year,5th October 2025,"On 5th October 2025, SYSTEM posted the following cryptic message, which seems to relate to some kind of ""broadcast"" (possibly hinting at an upcoming livestream) that also could come with an ""explanation"" for something:"
Content/Characters/SYSTEM.md,5275,day_month_year,6th October 2025,"Then the next day (6th October 2025), SYSTEM posted a .mp3 file titled ""walking.mp3"" in the media channel of [[The Sleuths]] Discord server that was apparently obtained by accessing an MI drive:"
Content/Characters/SYSTEM.md,5334,day_month_year,7th October 2025,"On 7th October 2025, SYSTEM used the ""!ask"" command on [[The Oracle]] for the first time ever, posting a cryptic message for it to try to interpret:"
Content/Characters/Travis.md,75,month_year,November 2025,"In November 2025, [[710 Tone|7/10 Tone]] uploaded [[THE EFFECT OF LONG STRING IS NOT FOR YOU TO|two]] [[ERE IS ONE PERSON I KNOW IT'S KE|videos]] with sped-up gameplay footage of [Half Life: Gold Source edition](https://en.wikipedia.org/wiki/GoldSrc), which was apparently being played by Travis in February 2025 (the 1st and 4th respectively), several months before his death. In the second video, it can be seen that he communicates with [[INDI]] through what appears to be the [[Private Room]] chat under the username ""TRAVIS@user"". However, as to what they were discussing remains unclear as the chatroom was cut off by the corner of the screen."
Content/Characters/Travis.md,75,month_year,February 2025,"In November 2025, [[710 Tone|7/10 Tone]] uploaded [[THE EFFECT OF LONG STRING IS NOT FOR YOU TO|two]] [[ERE IS ONE PERSON I KNOW IT'S KE|videos]] with sped-up gameplay footage of [Half Life: Gold Source edition](https://en.wikipedia.org/wiki/GoldSrc), which was apparently being played by Travis in February 2025 (the 1st and 4th respectively), several months before his death. In the second video, it can be seen that he communicates with [[INDI]] through what appears to be the [[Private Room]] chat under the username ""TRAVIS@user"". However, as to what they were discussing remains unclear as the chatroom was cut off by the corner of the screen."
Content/Concepts/Long String.md,25,day_month_year,23rd Feb 2025,"Long String (also known as ""long_string"", ""long_str"" ) is the name of a computer virus. It has been referred to as a ""tool"" used by [[REN]]^[[[STATION_8 TERMINAL 8]]] and acts as a computer virus (as seen in all of it appearances).  The first (known) appearance of Long String is in [[LONG_STR.mp4]] from 23rd Feb 2025, which demonstrates a system getting infected with the virus."
Content/Concepts/Private Room.md,92,day_month_year,24th January 2025,"This chat comes from the video [[{ - . }re]], posted 24th January 2025. Notably, this chat follows a different format than the two preceding chats, firstly being in video format, secondly by initially specifying user ID's and lastly by being in all caps and not ending in a corrupted message. This format also applies to the next two private room chats. Interestingly, this private chat has also been posted as a [[Community Posts#]]"
Content/Concepts/Private Room.md,113,day_month_year,4th March 2025,"This chat fomes from the video [[LOG-62.mp4]], posted on 4th March 2025, and follows the format of the previous chat. It follows the conversation between [[A992144]] (previously encountered in [[Private Room#Chat 3|chat #3]]) and [[TTHA0002]]. Like the previous chat, [[A992144]] is being reprimanded by a higher-up in [[TTH]], this time for purging their terminal. They blame [[REN]] and [[Long String]] for this and are threatened with demotion to a ""serviceman"" (likely a role similar to the technician [[F8887]] we saw in [[Private Room#Chat 2|chat #2]]). When trying to justify the purge, [[A992144]] gets cut off mid-sentence. This could either be because of the signal being cut, or perhaps because of censorship rules put on which topics are allowed to be discussed in the private room."
Content/Concepts/Private Room.md,132,day_month_year,4th May 2025,"This chat comes from the video [[LOG-123.mp4]], posted on 4th May 2025. In it, the maintenance worker [[F82991]] (under the screen name ""SS"") communicates with ""RECEIVER #439 ON FPIDI 9"" (screen name ""CLS""). It is very possible that CLS is [[A992144]] since CLS is recognized as being ""the guy who purged his terminal"", and we know from [[Private Room#Chat 4|chat #4]] that [[A992144]] purged their terminal. CLS goes on to ask for help on how to get rid of [[Long String]], but before they can get help, the system gets infected, as indicated by the message ""INFECTED BY LONG STRING ;-)"""
Content/Concepts/Private Room.md,136,day_month_year,2nd July 2025,The remaining 6 chats were all taken from individual [[Community Posts]] over the period 2nd July 2025 - 2025.07.04:
Content/Concepts/Private Room.md,136,year_month_day,2025.07.04,The remaining 6 chats were all taken from individual [[Community Posts]] over the period 2nd July 2025 - 2025.07.04:
Content/Concepts/prj_Home.exe.md,11,day_month_year,25th June 2025,Community post from 25th June 2025 (see [[Community Posts]])
Content/Concepts/prj_Home.exe.md,17,month_day_year,"August 14th, 2024","According to the game's metadata, it was created on August 14th, 2024."
Content/Concepts/SERVER 01.md,16,day_month_year,26th July 2025,"On 26th July 2025, [[SYSTEM]] created its own Discord server named SERVER 01, which it invited some of [[The Sleuths]] to join on 29th July 2025. In this server, [[SYSTEM]] created the Discord app bot [[APP TRUSTED 02]], which one could use to input certain commands such as printing [[Bob]] or generating random keys for [[SYSTEM]] to get to [[The Transmitter]]."
Content/Concepts/SERVER 01.md,16,day_month_year,29th July 2025,"On 26th July 2025, [[SYSTEM]] created its own Discord server named SERVER 01, which it invited some of [[The Sleuths]] to join on 29th July 2025. In this server, [[SYSTEM]] created the Discord app bot [[APP TRUSTED 02]], which one could use to input certain commands such as printing [[Bob]] or generating random keys for [[SYSTEM]] to get to [[The Transmitter]]."
Content/Concepts/SERVER 01.md,58,day_month_year,8th August 2025,"When [[The Sleuths]] first joined, they were all assigned the ""STANDARD TRUST"" server role, which was limited to posting messages and not media attachments. In order to be unlocked from those limitations, you had to be within the ""TRUSTED-05"" role, which [[SYSTEM]] would later grant [[The Sleuths]] on 8th August 2025."
Content/Concepts/SERVER 01.md,90,day_month_year,5th August 2025,"On 5th August 2025, [[SYSTEM]] found out where [[Travis]] hid [[The Transmitter]], but it was locked behind a cargo container stored in an undisclosed location (somewhere west). [[SYSTEM]] was trying to retrieve it before 10 August, when the [[710 Tone|7/10 Tone]] channel would remove the ""unmarked labels"" (see [[Community Posts]]) and everything (including [[SYSTEM]] itself) would be shut down."
Content/Concepts/SERVER 01.md,90,day_month,10 August,"On 5th August 2025, [[SYSTEM]] found out where [[Travis]] hid [[The Transmitter]], but it was locked behind a cargo container stored in an undisclosed location (somewhere west). [[SYSTEM]] was trying to retrieve it before 10 August, when the [[710 Tone|7/10 Tone]] channel would remove the ""unmarked labels"" (see [[Community Posts]]) and everything (including [[SYSTEM]] itself) would be shut down."
Content/Concepts/Station Timer.md,24,day_month,10th July,"A timer that always counts down to 10th July of every year, which is apparently an important event for the [[710 Tone|7/10 Tone]] channel. During [[STATION_8 TRIM 5|the]] [[STATION_8 TRIM 90|STATION_8]] [[STATION_8 TERMINAL 8 |livestreams]], a continuous frequency would play in the background while it counts down."
Content/Concepts/Station Timer.md,29,day_month,10th July,The timer's sole purpose is to count down to 10th July annually.
Content/Concepts/Station Timer.md,33,day_month_year,7th June 2025,"In 2025, the Station Timer screen (as seen above) started broadcasting on the ""ES-ETA"" livestream from 7th June 2025. However, it has been featured as far back as the ""[[30]]"" video."
Content/Concepts/Station Timer.md,37,day_month,10th July,"In [[STATION_8 TERMINAL 8]], the timer ended on 10th July at 3:00AM. When it ended, [[INDI]] asked the viewers to enter in a 5-digit code (referred to as ""the op code"" by [[SYSTEM]]) with the digits being contained in the descriptions of prime numbered logs ([[LOG-002.mp4]], [[LOG-007.mp4]], [[LOG-17.mp4]], [[LOG-31.mp4]], and finally [[LOG-71.mp4]]). The code (28634 when combined) was entered successfully and INDI began a transmission signal, but was overloaded and got found by someone (possibly the mysterious ""[[He]]"" figure)."
Content/Concepts/The Eyes.md,23,day_month_year,2nd August 2025,"It is a forbidden topic of discussion around [[SYSTEM]] since it crashes whenever the name is mentioned. In [[SERVER 01]], [[SYSTEM]] explained that it cannot read or write a statement that involves them (see [2nd August 2025 SYSTEM chats from SERVER 01](https://710tone.wiki/Discord/System-Chats#2nd-august-2025) for context)."
Content/Concepts/The Transmitter.md,18,day_month,10th August,"In [[SERVER 01]], [[The Sleuths]] helped [[SYSTEM]] unlock access to the transmitter by generating random keys with [[APP TRUSTED 02]], which they were successful in the end and [[SYSTEM]] found all 10 keys to gain access just in time before 10th August."
Content/Contribute/SERVER 01 Puzzles.md,6,month_year,August 2025,"Around August 2025, [[SYSTEM]] "
Content/Discord/System Chats.md,3,day_month_year,19th July 2025,### [[SYSTEM]] first joins [[The Sleuths]] Discord server (19th July 2025)
Content/Discord/System Chats.md,3210,day_month_year,20th July 2025,### Logged Session 3.1 (20th July 2025)
Content/Discord/System Chats.md,5196,day_month_year,21st July 2025,### Logged Session 4 (21st July 2025)
Content/Discord/System Chats.md,14457,day_month_year,22nd July 2025,### [[The Sleuths]] send [[SYSTEM]] their documentation spreadsheet (22nd July 2025)
Content/Discord/System Chats.md,15523,day_month_year,29th July 2025,### [[SYSTEM]] returns to the Discord (29th July 2025)
Content/Discord/System Chats.md,27111,day_month_year,28th July 2025,##### SYSTEM codes (28th July 2025)
Content/Discord/System Chats.md,27824,day_month_year,28th July 2025,##### SERVER 01 Invites (28th July 2025)
Content/Discord/System Chats.md,28221,day_month_year,10th September 2025,"**""Cancelled message"" DM (sent to @Abe, @L4N4U1997, @ThePortalNinja, @brorb, @Noel|HLF, and @Jovenly 'training for job' Cosmo on 10th September 2025)**"
Content/Discord/System Chats.md,28243,day_month_year,28th July 2025,##### 26th-28th July 2025 ([[SYSTEM]] getting the server setup)
Content/Discord/System Chats.md,28291,day_month_year,27th July 2025,"_(SYSTEM creates APP TRUSTED on 27th July 2025, 07:30)"
Content/Discord/System Chats.md,28292,day_month_year,27th July 2025,(bot renamed to APP TRUSTED 02 on 27th July 2025 11:26)_
Content/Discord/System Chats.md,28332,day_month_year,29th July 2025,##### 29th July 2025
Content/Discord/System Chats.md,28334,day_month_year,29th July 2025,"_(@Noel HLF enters the server on 29th July 2025, 01:21)"
Content/Discord/System Chats.md,28335,day_month_year,29th July 2025,"(@brorb enters the serveron 29th July 2025, 01:22)"
Content/Discord/System Chats.md,28336,day_month_year,29th July 2025,"(@Swordian enters the server on 29th July 2025, 01:25)"
Content/Discord/System Chats.md,28337,day_month_year,29th July 2025,"(@Abe enters the server on 29th July 2025, 01:26)_"
Content/Discord/System Chats.md,28596,day_month_year,29th July 2025,"_(@kayxsu joins the server on 29th July 2025, 01:50)_"
Content/Discord/System Chats.md,28659,day_month_year,29th July 2025,"_(@Carlos joins the server on 29th July 2025, 02:00)_"
Content/Discord/System Chats.md,28660,day_month_year,29th July 2025,"_(@Rick joins the server on 29th July 2025, 02:14)_"
Content/Discord/System Chats.md,28661,day_month_year,29th July 2025,"_(@Yuri joins the server on 29th July 2025, 08:17)"
Content/Discord/System Chats.md,28662,day_month_year,29th July 2025,(@ThePortalNinja joins in the server on 29th July 2025)_
Content/Discord/System Chats.md,29435,day_month_year,30th July 2025,##### 30th July 2025
Content/Discord/System Chats.md,29969,day_month_year,31st July 2025,##### 31st July 2025
Content/Discord/System Chats.md,30702,day_month_year,2nd August 2025,##### 2nd August 2025
Content/Discord/System Chats.md,32446,day_month_year,3rd August 2025,##### 3rd August 2025
Content/Discord/System Chats.md,34726,day_month_year,4th August 2025,##### 4th August 2025
Content/Discord/System Chats.md,34953,day_month_year,5th August 2025,##### 5th August 2025
Content/Discord/System Chats.md,35876,day_month_year,6th August 2025,##### 6th August 2025
Content/Discord/System Chats.md,37445,day_month_year,7th August 2025,##### 7th August 2025
Content/Discord/System Chats.md,39897,day_month_year,8th August 2025,##### 8th August 2025
Content/Discord/System Chats.md,42823,day_month_year,9th August 2025,##### 9th August 2025
Content/Discord/The Sleuths.md,8,day_month_year,2nd July 2025,"The group was created by @brorb on 2nd July 2025 after chatters in the then-ongoing 7/10 livestreams voiced interest for a community of ""sleuthers""."
Content/Discord/The Sleuths.md,12,day_month_year,23rd July 2025,The archive channel was created after the [[710 Tone|7/10 Tone]] YouTube channel started removing certain videos on 23rd July 2025.[^1]
Content/Guides/Custom Formatting Reference.md,208,day_month_year,28 July 2025,- Likes and comment counts must be integers. The posted label is freeform text (e.g. `28 July 2025` or `2 days ago`).
Content/YouTube/710 NPP.md,16,day_month_year,31st January 2025,"Second channel associated with [[710 Tone|7/10 Tone]], created 31st January 2025. Before [[Travis]] died, the channel was controlled by [[INDI]] during the [[STATION_8 TRIM 5]] livestream, until [[Travis]] gave control of the main channel ([[710 Tone|7/10 Tone]]) over to [[INDI]]. During [[STATION_8 TRIM 90]] and [[STATION_8 TERMINAL 8]], [[Kepler]] was managing the 7/10 NPP channel."
Content/YouTube/710 Tone.md,21,day_month_year,26th Jun 2021,"The channel [7/10 Tone](https://www.youtube.com/@7-10tone) was created on 26th Jun 2021. It mostly centers around [[The Logs]], with some hints around data, signals, machines (usually sentient-like AI), and time."
Content/YouTube/710 Tone.md,23,day_month_year,2nd January 2025,"There exists records of (confirmed) video uploads since early-mid 2023, although everything from before 2nd January 2025 has either been unlisted or deleted. The only known video to survive this “purge” is [[TRANSLATED-DD.PCV]] (24th July 2023), which went private sometime around August 2025, most likely after the 2025 ""purge"" (see below)."
Content/YouTube/710 Tone.md,23,day_month_year,24th July 2023,"There exists records of (confirmed) video uploads since early-mid 2023, although everything from before 2nd January 2025 has either been unlisted or deleted. The only known video to survive this “purge” is [[TRANSLATED-DD.PCV]] (24th July 2023), which went private sometime around August 2025, most likely after the 2025 ""purge"" (see below)."
Content/YouTube/710 Tone.md,23,month_year,August 2025,"There exists records of (confirmed) video uploads since early-mid 2023, although everything from before 2nd January 2025 has either been unlisted or deleted. The only known video to survive this “purge” is [[TRANSLATED-DD.PCV]] (24th July 2023), which went private sometime around August 2025, most likely after the 2025 ""purge"" (see below)."
Content/YouTube/710 Tone.md,81,day_month_year,10th July 2025,"On 10th July 2025, the channel posted a community post (see [[Community Posts]]) stating that all ""unmarked labels"" would be removed on 20th August 2025.<!-- discord-cite:cite-mh3h3z1q-1ggw5e -->"
Content/YouTube/710 Tone.md,81,day_month_year,20th August 2025,"On 10th July 2025, the channel posted a community post (see [[Community Posts]]) stating that all ""unmarked labels"" would be removed on 20th August 2025.<!-- discord-cite:cite-mh3h3z1q-1ggw5e -->"
Content/YouTube/710 Tone.md,107,day_month,10th August,"However, this date would later get changed to 10th August in a new community post update (see image above), then briefly to 3rd August before it quickly changed back to 10th August."
Content/YouTube/710 Tone.md,107,day_month,3rd August,"However, this date would later get changed to 10th August in a new community post update (see image above), then briefly to 3rd August before it quickly changed back to 10th August."
Content/YouTube/710 Tone.md,107,day_month,10th August,"However, this date would later get changed to 10th August in a new community post update (see image above), then briefly to 3rd August before it quickly changed back to 10th August."
Content/YouTube/710 Tone.md,109,day_month,10th August,"During the lead-up to 10th August, certain LOGs gradually got removed from the channels, accompanied with community posts announcing their removal."
Content/YouTube/710 Tone.md,112,day_month_year,23rd July 2025,**23rd July 2025:** [[LOG-124.mp4]] [[LOG-125.mp4]] [[LOG-126.mp4]] [[LOG-127.mp4]] [[LOG-154.mp4]] [[LOG-156.mp4]]
Content/YouTube/710 Tone.md,113,day_month_year,25th July  2025,**25th July  2025:** [[LOG-111.mp4]] [[LOG-123.mp4]] [[LOG-132]] [[33LOG-13]] [[LOG.138.mp4]]
Content/YouTube/710 Tone.md,114,day_month_year,27th July 2025,**27th July 2025:** [[LOG-102.mp3]] [[LOG-87.mp4]] [[LOG-47.mp4]] [[LOG-002.mp4]] [[LOG-005.mp4]] ([[LOG-46.mp4]] was added to the channel at this time)
Content/YouTube/710 Tone.md,115,day_month_year,28th July 2025,**28th July 2025:** [[LOG-84.mp4]] [[{ - . }re]] [[LOG-44.mp4]] [[LOG-003.mp4]] [[LOG-12.mp4]]
Content/YouTube/710 Tone.md,116,day_month_year,29th July 2025,**29th July 2025:** [[LOG-39..mp4]] [[LOG-10.mp4]] [[machina_ad_mortem.mp4]] [[LOG-006.mp4]] [[LONG_STR.mp4]]
Content/YouTube/710 Tone.md,117,day_month_year,1st August 2025,**1st August 2025:** [[LLOOGG--2211..mmpp44]] [[LOG-  .  + + +]] [[LOG-43.mp4]] [[LOG-48.mp4]] [[LOG-128.mp4]]
Content/YouTube/710 Tone.md,119,day_month,10th August,"Finally, as 10th August come around all community posts, livestreams, and videos (except for [[LOG-46.mp4]]) were removed from the channel completely, with the channel also listing 3 hidden videos on its page."
Content/YouTube/Livestreams/ECAA(TEST) CL5672.md,3,day_month_year,26th September 2024,_Uploaded 26th September 2024._
Content/YouTube/Livestreams/ECAA(TEST) CL5672.md,5,day_month_year,"10th August, 2025","The earliest known livestream that was archived before the channel was purged on 10th August, 2025."
Content/YouTube/Livestreams/ECAA(TEST) CL5909.md,3,day_month_year,5th November 2024,_Uploaded 5th November 2024._
Content/YouTube/Livestreams/ES-ETA (June 2025).md,3,day_month_year,7th June 2025,_Uploaded 7th June 2025._
Content/YouTube/Livestreams/ES-ETA (November 2024)/ES-ETA (November 2024).md,3,day_month_year,30th November 2024,_Uploaded 30th November 2024._
Content/YouTube/Livestreams/ES-ETA 5-5.md,3,day_month_year,28th June 2025,_Uploaded 28th June 2025._
Content/YouTube/Livestreams/STATION_8 TERMINAL 8/STATION_8 TERMINAL 8.md,11,day_month,8th July,"Livestream proceeds [[STATION_8 TRIM 90]]. Technical difficulties ([[Station Interruption]]) immediately as it starts, which get fixed by [[INDI]]. Stream resumes as normal into the next following day (8th July), viewers point out that there is only two more days left until the [[Station Timer]] ends, to which [[INDI]] says ""ONLY 2 DAYS LEFT? WHY DOES IT ALWAYS HAVE TO END LIKE THIS?"" in response."
Content/YouTube/Livestreams/STATION_8 TRIM 5/STATION_8 TRIM 5.md,1,day_month_year,3rd July 2025,"This is the summary of the livestream ""STATION_8 TRIM 5"", from 2nd and 3rd July 2025"
Content/YouTube/Livestreams/STATION_8 TRIM 90/STATION_8 TRIM 90.md,7,day_month_year,4th July 2025,"This is the summary of the livestream ""STATION_8 TRIM 90"" from 4th July 2025 to 7th July 2025."
Content/YouTube/Livestreams/STATION_8 TRIM 90/STATION_8 TRIM 90.md,7,day_month_year,7th July 2025,"This is the summary of the livestream ""STATION_8 TRIM 90"" from 4th July 2025 to 7th July 2025."
Content/YouTube/Videos/7-10 Tone/000001.md,11,day_month_year,16th August 2025,Uploaded 16th August 2025.
Content/YouTube/Videos/7-10 Tone/0034.md,12,day_month_year,1st September 2025,Uploaded 1st September 2025.
Content/YouTube/Videos/7-10 Tone/12_capturedRecall.md,13,day_month_year,27th September 2025,"Uploaded 27th September 2025, same as the [[710 NPP|7/10 NPP]] version."
Content/YouTube/Videos/7-10 Tone/20240NA@.md,12,day_month_year,11th May 2025,Uploaded 11th May 2025.
Content/YouTube/Videos/7-10 Tone/30.md,14,day_month_year,30th January 2025,Uploaded 30th January 2025.
Content/YouTube/Videos/7-10 Tone/33LOG-13.md,12,day_month_year,14th May 2025,Uploaded 14th May 2025.
"Content/YouTube/Videos/7-10 Tone/BACKTONE-COMPLETED{KPJV, ETSN, YMUK, WWEV}.md",14,day_month_year,24th June 2025,Uploaded 24th June 2025.
Content/YouTube/Videos/7-10 Tone/backtone.extend 5_f''5.5''.md,14,day_month_year,22nd June 2025,Uploaded 22nd June 2025.
Content/YouTube/Videos/7-10 Tone/backtone.extend 5_f''5.5''.md,18,day_month_year,"15 April, 1452","**Clues:** The term ""QUANDO NATUS EST"" is in Latin, translated as ""When he was born."" Leonardo DaVinci was born on 15 April, 1452. The alias [[D4V1NC1]] could also be related to this video."
Content/YouTube/Videos/7-10 Tone/DEAD_TERMINAL.md,11,day_month_year,29th April 2025,Uploaded 29th April 2025.
Content/YouTube/Videos/7-10 Tone/ERE IS ONE PERSON I KNOW IT'S KE.md,3,day_month_year,6th November 2025,Uploaded on 6th November 2025.
Content/YouTube/Videos/7-10 Tone/ERE IS ONE PERSON I KNOW IT'S KE.md,12,numeric_day_month_year,02-4-25,> 	date: 02-4-25
Content/YouTube/Videos/7-10 Tone/garbage_sgl.mp4.md,12,day_month_year,3rd June 2025,Uploaded 3rd June 2025.
Content/YouTube/Videos/7-10 Tone/hd_map01.md,12,day_month_year,11th August 2025,Uploaded 11th August 2025.
Content/YouTube/Videos/7-10 Tone/Hello.md,12,day_month_year,2nd April 2025,Uploaded 2nd April 2025.
Content/YouTube/Videos/7-10 Tone/HIS PERCEPTION.md,13,day_month_year,16th September 2025,Uploaded 16th September 2025.
Content/YouTube/Videos/7-10 Tone/KEY.md,13,day_month_year,10th July 2025,"Uploaded 10th July 2025, same as both [[lm-1]] and [[Parting Gifts]], shortly after [[INDI]] was found at the end of the [[STATION_8 TERMINAL 8]] livestream."
Content/YouTube/Videos/7-10 Tone/L - p {I-- 5.md,12,day_month_year,24th January 2025,Uploaded 24th January 2025.
Content/YouTube/Videos/7-10 Tone/LEAKED_1.mp4.md,13,day_month_year,1st May 2025,Uploaded 1st May 2025.
Content/YouTube/Videos/7-10 Tone/LLOOGG--2211..mmpp44.md,12,day_month_year,23rd January 2025,Uploaded 23rd January 2025.
Content/YouTube/Videos/7-10 Tone/lm-1.md,14,day_month_year,10th July 2025,"Uploaded 10th July 2025, same as [[KEY]] and [[Parting Gifts]]."
Content/YouTube/Videos/7-10 Tone/LOG-  .  + + +.md,12,day_month_year,21st May 2025,Uploaded 21st May 2025.
Content/YouTube/Videos/7-10 Tone/LOG--.mp4.md,11,day_month_year,17th February 2025,Uploaded 17th February 2025
Content/YouTube/Videos/7-10 Tone/LOG-002.mp4.md,12,day_month_year,2nd January 2025,Uploaded 2nd January 2025
Content/YouTube/Videos/7-10 Tone/LOG-003.mp4.md,7,day_month_year,3rd January 2025,Uploaded 3rd January 2025.
Content/YouTube/Videos/7-10 Tone/LOG-004.mp4.md,7,day_month_year,4th January  2025,Uploaded 4th January  2025.
Content/YouTube/Videos/7-10 Tone/LOG-005.mp4.md,7,day_month_year,5th January  2025,Uploaded 5th January  2025
Content/YouTube/Videos/7-10 Tone/LOG-006.mp4.md,7,day_month_year,5th January 2025,"Uploaded 5th January 2025, same as [[LOG-005.mp4]]."
Content/YouTube/Videos/7-10 Tone/LOG-007.mp4.md,12,day_month_year,7th January 2025,Uploaded 7th January 2025.
Content/YouTube/Videos/7-10 Tone/LOG-008.mp4.md,7,day_month_year,8th January 2025,Uploaded 8th January 2025.
Content/YouTube/Videos/7-10 Tone/LOG-10.mp4.md,7,day_month_year,10th January 2025,Uploaded 10th January 2025.
Content/YouTube/Videos/7-10 Tone/LOG-100.mp4.md,11,day_month_year,11th April 2025,Uploaded 11th April 2025
Content/YouTube/Videos/7-10 Tone/LOG-102.mp3.md,11,day_month_year,14th April 2025,Uploaded 14th April 2025
Content/YouTube/Videos/7-10 Tone/LOG-103.mp4.md,12,day_month_year,15th April 2025,Uploaded 15th April 2025
Content/YouTube/Videos/7-10 Tone/LOG-10444444444444444444444.md,12,day_month_year,16th April 2025,Uploaded 16th April 2025.
Content/YouTube/Videos/7-10 Tone/LOG-109.MP.md,13,day_month_year,20th April 2025,Uploaded 20th April 2025
Content/YouTube/Videos/7-10 Tone/LOG-11.mp4.md,7,day_month_year,11th January 2025,Uploaded 11th January 2025
Content/YouTube/Videos/7-10 Tone/LOG-110.mp3.md,11,day_month_year,21st April 2025,Uploaded 21st April 2025
Content/YouTube/Videos/7-10 Tone/LOG-111.mp4.md,13,day_month_year,22nd April 2025,Uploaded 22nd April 2025
Content/YouTube/Videos/7-10 Tone/LOG-112.mp4.md,7,day_month_year,23rd April 2025,Uploaded 23rd April 2025
Content/YouTube/Videos/7-10 Tone/LOG-113.mp4.md,7,day_month_year,24th April 2025,Uploaded 24th April 2025
Content/YouTube/Videos/7-10 Tone/LOG-116.mp4.md,14,day_month_year,28th April 2025,Uploaded 28th April 2025
Content/YouTube/Videos/7-10 Tone/LOG-12.mp4.md,7,day_month_year,12th January 2025,Uploaded 12th January 2025.
Content/YouTube/Videos/7-10 Tone/LOG-123.mp4.md,12,day_month_year,4th May 2025,Uploaded 4th May 2025
Content/YouTube/Videos/7-10 Tone/LOG-124.mp4.md,7,day_month_year,5th May 2025,Uploaded 5th May 2025
Content/YouTube/Videos/7-10 Tone/LOG-125.mp4.md,7,day_month_year,6th May 2025,Uploaded 6th May 2025
Content/YouTube/Videos/7-10 Tone/LOG-126.mp4.md,7,day_month_year,7th May 2025,Uploaded 7th May 2025
Content/YouTube/Videos/7-10 Tone/LOG-127.mp4.md,7,day_month_year,8th May 2025,Uploaded 8th May 2025
Content/YouTube/Videos/7-10 Tone/LOG-128.mp4.md,7,day_month_year,9th May 2025,Uploaded 9th May 2025
Content/YouTube/Videos/7-10 Tone/LOG-129.mp4.md,7,day_month_year,10th May 2025,Uploaded 10th May 2025
Content/YouTube/Videos/7-10 Tone/LOG-13.mp4.md,7,day_month_year,13th January 2025,Uploaded 13th January 2025.
Content/YouTube/Videos/7-10 Tone/log-131.mp4.md,7,day_month_year,12th May 2025,Uploaded 12th May 2025
Content/YouTube/Videos/7-10 Tone/LOG-132.md,11,day_month_year,13th May 2025,Uploaded 13th May 2025
Content/YouTube/Videos/7-10 Tone/LOG-134.mp4.md,7,day_month_year,15th May 2025,Uploaded 15th May 2025
Content/YouTube/Videos/7-10 Tone/LOG-135.mp4.md,7,day_month_year,16th May 2025,Uploaded 16th May 2025
Content/YouTube/Videos/7-10 Tone/LOG-136.mp4.md,7,day_month_year,18th May 2025,Uploaded 18th May 2025
Content/YouTube/Videos/7-10 Tone/LOG-137.mp4.md,7,day_month_year,18th May 2025,"Uploaded 18th May 2025, same as [[LOG-136.mp4]]."
Content/YouTube/Videos/7-10 Tone/LOG-14.mp4 ..0.md,11,day_month_year,14th January 2025,Uploaded 14th January 2025.
Content/YouTube/Videos/7-10 Tone/LOG-141.mp4.md,7,day_month_year,22nd May 2025,Uploaded 22nd May 2025.
Content/YouTube/Videos/7-10 Tone/LOG-142.mp4.md,7,day_month_year,23rd May 2025,Uploaded 23rd May 2025.
Content/YouTube/Videos/7-10 Tone/LOG-147.md,7,day_month_year,29th May 2025,Uploaded 29th May 2025.
Content/YouTube/Videos/7-10 Tone/LOG-15.mmp44.md,14,day_month_year,15th January 2025,Uploaded 15th January 2025.
Content/YouTube/Videos/7-10 Tone/LOG-154.mp4.md,11,day_month_year,4th June 2025,Uploaded 4th June 2025.
Content/YouTube/Videos/7-10 Tone/LOG-155.mp4.md,11,day_month_year,5th June 2025,Uploaded 5th June 2025.
Content/YouTube/Videos/7-10 Tone/LOG-156.mp4.md,7,day_month_year,6th June 2025,Uploaded 6th June 2025.
Content/YouTube/Videos/7-10 Tone/LOG-17.mp4.md,12,day_month_year,17th January 2025,Uploaded 17th January 2025.
Content/YouTube/Videos/7-10 Tone/LOG-20....md,7,day_month_year,22nd January 2025,Uploaded 22nd January 2025
Content/YouTube/Videos/7-10 Tone/LOG-25.mp4.md,7,day_month_year,26th January 2025,"Uploaded 26th January 2025, same as [[LOG-26.mp4]]."
Content/YouTube/Videos/7-10 Tone/LOG-26.mp4.md,7,day_month_year,26th January 2025,"Uploaded 26th January 2025, same as [[LOG-25.mp4]]."
Content/YouTube/Videos/7-10 Tone/LOG-27.mp4.md,13,day_month_year,27th January 2025,Uploaded 27th January 2025.
Content/YouTube/Videos/7-10 Tone/LOG-28.mp4.md,11,day_month_year,28th January 2025,Uploaded 28th January 2025.
Content/YouTube/Videos/7-10 Tone/LOG-29.mp4.md,7,day_month_year,29th January 2025,Uploaded 29th January 2025.
Content/YouTube/Videos/7-10 Tone/LOG-31.mp4.md,12,day_month_year,31st January 2025,Uploaded 31st January 2025.
Content/YouTube/Videos/7-10 Tone/LOG-32.mp4.md,11,day_month_year,1st February 2025,Uploaded 1st February 2025.
Content/YouTube/Videos/7-10 Tone/LOG-33.mp4.md,7,day_month_year,2nd February 2025,Uploaded 2nd February 2025.
Content/YouTube/Videos/7-10 Tone/LOG-34.mp4.md,11,day_month_year,3rd February 2025,Uploaded 3rd February 2025.
Content/YouTube/Videos/7-10 Tone/LOG-34.mp4.md,19,day_month_year,4 Feb 2025,"**Clues:** The alarm sounds are similar to [[vacsystemrestart.mp3]] (which was created the very next day: 4 Feb 2025), and the top text refers to some kind of ""heat control component"" deactivating, which could be for the machine that runs the program to make [[The Logs]]."
Content/YouTube/Videos/7-10 Tone/LOG-35.mp4.md,7,day_month_year,4th February 2025,Uploaded 4th February 2025.
Content/YouTube/Videos/7-10 Tone/LOG-36.mp4.md,7,day_month_year,5th February 2025,Uploaded 5th February 2025.
Content/YouTube/Videos/7-10 Tone/LOG-37.mp4.md,7,day_month_year,6th February 2025,Uploaded 6th February 2025
Content/YouTube/Videos/7-10 Tone/LOG-38.mp4.md,7,day_month_year,7th February 2025,Uploaded 7th February 2025
Content/YouTube/Videos/7-10 Tone/LOG-39..mp4.md,7,day_month_year,9th February 2025,Uploaded 9th February 2025
Content/YouTube/Videos/7-10 Tone/LOG-39.mp4.md,7,day_month_year,8th February 2025,Uploaded 8th February 2025
Content/YouTube/Videos/7-10 Tone/LOG-40.mp4.md,13,day_month_year,10th February 2025,Uploaded 10th February 2025
Content/YouTube/Videos/7-10 Tone/LOG-41.mp4.md,7,day_month_year,11th February 2025,Uploaded 11th February 2025
Content/YouTube/Videos/7-10 Tone/LOG-42.mp4.md,7,day_month_year,13th February 2025,Uploaded 13th February 2025
Content/YouTube/Videos/7-10 Tone/LOG-43.mp4.md,7,day_month_year,14th February 2025,Uploaded 14th February 2025
Content/YouTube/Videos/7-10 Tone/LOG-44.mp4.md,7,day_month_year,15th February 2025,Uploaded 15th February 2025
Content/YouTube/Videos/7-10 Tone/LOG-46.mp4.md,11,day_month_year,28th April 2024,"Uploaded 28th April 2024, the earliest known LOG uploaded to [[710 Tone|7/10 Tone]]."
Content/YouTube/Videos/7-10 Tone/LOG-47.mp4.md,7,day_month_year,18th February 2025,Uploaded 18th February 2025
Content/YouTube/Videos/7-10 Tone/LOG-48.mp4.md,7,day_month_year,19th February 2025,Uploaded 19th February 2025.
Content/YouTube/Videos/7-10 Tone/LOG-62.mp4.md,13,day_month_year,4th March 2025,Uploaded 4th March 2025
Content/YouTube/Videos/7-10 Tone/LOG-63.mp4.md,7,day_month_year,5th March 2025,Uploaded 5th March 2025
Content/YouTube/Videos/7-10 Tone/LOG-64.mp4.md,7,day_month_year,6th March 2025,Uploaded 6th March 2025
Content/YouTube/Videos/7-10 Tone/LOG-65.mp4.md,7,day_month_year,7th March 2025,Uploaded 7th March 2025
Content/YouTube/Videos/7-10 Tone/LOG-66.mp4.md,7,day_month_year,8th March 2025,Uploaded 8th March 2025
Content/YouTube/Videos/7-10 Tone/LOG-67.mp4.md,12,day_month_year,9th March 2025,Uploaded 9th March 2025
Content/YouTube/Videos/7-10 Tone/LOG-68.mp4.md,7,day_month_year,10th March 2025,Uploaded 10th March 2025
Content/YouTube/Videos/7-10 Tone/LOG-69.mp4.md,7,day_month_year,11th March 2025,Uploaded 11th March 2025
Content/YouTube/Videos/7-10 Tone/LOG-70.mp4.md,7,day_month_year,12th March 2025,Uploaded 12th March 2025
Content/YouTube/Videos/7-10 Tone/LOG-71.mp4.md,12,day_month_year,13th March 2025,Uploaded 13th March 2025
Content/YouTube/Videos/7-10 Tone/LOG-72.mp4.md,7,day_month_year,15th March 2025,Uploaded 15th March 2025
Content/YouTube/Videos/7-10 Tone/LOG-73.mp4.md,7,day_month_year,15th March 2025,Uploaded 15th March 2025
Content/YouTube/Videos/7-10 Tone/LOG-74.mp4.md,7,day_month_year,16th March 2025,Uploaded 16th March 2025
Content/YouTube/Videos/7-10 Tone/LOG-76.mp4.md,7,day_month_year,19th March 2025,Uploaded 19th March 2025
Content/YouTube/Videos/7-10 Tone/LOG-77.mp4.md,7,day_month_year,19th March 2025,Uploaded 19th March 2025
Content/YouTube/Videos/7-10 Tone/LOG-78.mp4.md,7,day_month_year,20th March 2025,Uploaded 20th March 2025
Content/YouTube/Videos/7-10 Tone/LOG-83.mp4.md,7,day_month_year,25th March 2025,Uploaded 25th March 2025
Content/YouTube/Videos/7-10 Tone/LOG-84.mp4.md,7,day_month_year,26th March 2025,Uploaded 26th March 2025
Content/YouTube/Videos/7-10 Tone/LOG-85.mp4.md,7,day_month_year,27th March 2025,Uploaded 27th March 2025
Content/YouTube/Videos/7-10 Tone/LOG-86.mp4.md,7,day_month_year,28th March 2025,Uploaded 28th March 2025
Content/YouTube/Videos/7-10 Tone/LOG-87.mp4.md,7,day_month_year,29th March 2025,Uploaded 29th March 2025
Content/YouTube/Videos/7-10 Tone/LOG-88.mp4.md,7,day_month_year,30th March 2025,Uploaded 30th March 2025
Content/YouTube/Videos/7-10 Tone/LOG-89.mp4.md,11,day_month_year,31st March 2025,Uploaded 31st March 2025
Content/YouTube/Videos/7-10 Tone/LOG-9.mp4.md,7,day_month_year,10th January 2025,Uploaded 10th January 2025
Content/YouTube/Videos/7-10 Tone/LOG-90.mp4.md,11,day_month_year,1st April 2025,Uploaded 1st April 2025
Content/YouTube/Videos/7-10 Tone/LOG-92.mp4.md,7,day_month_year,3rd April 2025,Uploaded 3rd April 2025
Content/YouTube/Videos/7-10 Tone/LOG-93.mp4.md,12,day_month_year,4th April 2025,Uploaded 4th April 2025
Content/YouTube/Videos/7-10 Tone/LOG-95.mp4.md,14,day_month_year,7th April 2025,Uploaded 7th April 2025
Content/YouTube/Videos/7-10 Tone/LOG-96.mp4.md,7,day_month_year,8th April 2025,Uploaded 8th April 2025
Content/YouTube/Videos/7-10 Tone/LOG-99.mp4.md,7,day_month_year,10th April 2025,Uploaded 10th April 2025
Content/YouTube/Videos/7-10 Tone/LOG.138.mp4.md,7,day_month_year,19th May 2025,Uploaded 19th May 2025.
Content/YouTube/Videos/7-10 Tone/LONG_STR.mp4.md,12,day_month_year,23rd February 2025,Uploaded 23rd February 2025.
Content/YouTube/Videos/7-10 Tone/LONG_STR.mp4.md,24,numeric_day_month_year,5-45-438,987472685797698579637597430985794387659724-5-45-438-258483-285499258432
Content/YouTube/Videos/7-10 Tone/machina_ad_mortem.mp4.md,13,day_month_year,3rd March 2025,Uploaded 3rd March 2025.
Content/YouTube/Videos/7-10 Tone/Parting Gifts.md,12,day_month_year,10th July 2025,Uploaded 10th July 2025.
Content/YouTube/Videos/7-10 Tone/RIGfunctionobservationTEST028.mp4.md,13,day_month_year,27th August 2025,Uploaded 27th August 2025.
Content/YouTube/Videos/7-10 Tone/THE EFFECT OF LONG STRING IS NOT FOR YOU TO.md,8,day_month_year,4th November 2025,Uploaded 4th November 2025.
Content/YouTube/Videos/7-10 Tone/THE EFFECT OF LONG STRING IS NOT FOR YOU TO.md,22,numeric_day_month_year,02-1-25,> 	date: 02-1-25
Content/YouTube/Videos/7-10 Tone/tmp 5664.md,12,day_month_year,7th February 2025,Uploaded 7th February 2025.
Content/YouTube/Videos/7-10 Tone/TRANSLATED-DD.PCV.md,14,day_month_year,24th July 2023,"Uploaded 24th July 2023, the earliest known video uploaded to [[710 Tone|7/10 Tone]]."
Content/YouTube/Videos/7-10 Tone/uBBNS.md,7,day_month_year,28th October 2025,Uploaded 28th October 2025.
Content/YouTube/Videos/7-10 Tone/{ - . }re.md,13,day_month_year,24th January 2025,Uploaded 24th January 2025.
Content/YouTube/Videos/710NPP/0001 Bin.md,13,day_month_year,1st February 2025,"_Uploaded 1st February 2025, same as [[LOG-32.mp4]] from [[710 Tone|7/10 Tone]]._"
Content/YouTube/Videos/710NPP/12_capturedRecall 011.md,12,day_month_year,27th September 2025,"_Uploaded 27th September 2025, same as [[12_capturedRecall]] on the [[710 Tone|7/10 Tone]] channel._"
Content/YouTube/Videos/710NPP/20240NA@ 25109.md,13,day_month_year,11th May 2025,"_Uploaded 11th May 2025, same as [[20240NA@|2024NA\@]] from [[710 Tone|7/10 Tone]]._"
Content/YouTube/Videos/Deleted Videos (not archived).md,7,day_month_year,25th January 2025,"Deleted LOG that was uploaded on 25th January 2025, led to HCT RIG ERROR."
Content/YouTube/Videos/Deleted Videos (not archived).md,13,month_day_year,"July 31, 2024","Uploaded on July 31, 2024. Video that was the ultimate result of the ""BACKBONE"" video rabbit hole."
Content/YouTube/Videos/Deleted Videos (not archived).md,16,month_day_year,"July 31, 2024","Uploaded on July 31, 2024. Led to Backbone.PCV."
Content/YouTube/Videos/Deleted Videos (not archived).md,19,month_day_year,"July 31, 2024","Uploaded on July 31, 2024. Led to LOG-89.PCV."
Content/YouTube/Videos/Deleted Videos (not archived).md,22,day_month_year,"28th July, 2024","Uploaded 28th July, 2024. Led to ""S.T.A.B""."
Content/YouTube/Videos/Deleted Videos (not archived).md,25,day_month_year,"28th July, 2024","Uploaded 28th July, 2024. Led to LOG-26.mp4"
Content/YouTube/Videos/Deleted Videos (not archived).md,28,day_month_year,"28th July, 2024","Uploaded 28th July, 2024, same as LOG-1.mp4. Featured a code that led to a link to CALL SIGNAL."
Content/YouTube/Videos/Deleted Videos (not archived).md,31,day_month_year,"28th July, 2024","Uploaded 28th July, 2024. Featured a code that led to a link to signal-5636.mp4."
Content/YouTube/Videos/Deleted Videos (not archived).md,34,day_month_year,"14th November, 2024","Uploaded 14th November, 2024. The code ""83#8###"" was decoded from (allegedly) morse code."
