Raw title,de-obfuscated log title
LOG-156.mp4,
LOG-155.mp4,
LOG-154.mp4,
LOG-147,
LOG-142.mp4,
LOG-141.mp4,
LOG- _ _ _ ._ _ _ + + +,
LOG.138.mp4,
LOG-136.mp4,
LOG-137.mp4,
LOG-135.mp4,
LOG-134.mp4,
33LOG-13,LOG 133
LOG-132,
log-131.mp4,
LOG-129.mp4,
LOG-128.mp4,
LOG-127.mp4,
LOG-126.mp4,
LOG-125.mp4,
LOG-124.mp4,
LOG-123.mp4,
LOG-116.mp4,
LOG-113.mp4,
LOG-112.mp4,
LOG-111.mp4,
LOG-110.mp3,
LOG-109.MP$,
LOG-10444444444444444444444,log 104
LOG-103.mp4,
LOG-102.mp3,
LOG-100.mp4,
LOG-99.mp4,
LOG-96.mp4,
LOG-95.mp4,
LOG-93.mp4,
LOG-92.mp4,
LOG-90.mp4,
LOG-89.mp4,
LOG-88.mp4,
LOG-87.mp4,
LOG-86.mp4,
LOG-85.mp4,
LOG-84.mp4,
LOG-83.mp4,
LOG-78.mp4,
LOG-77.mp4,
LOG-76.mp4,
LOG-74.mp4,
LOG-73.mp4,
LOG-72.mp4,
LOG-71.mp4,
LOG-70.mp4,
LOG-69.mp4,
LOG-68.mp4,
LOG-67.mp4,
LOG-66.mp4,
LOG-65.mp4,
LOG-64.mp4,
LOG-63.mp4,
LOG-62.mp4,
LOG-48.mp4,
LOG-47.mp4,
LOG--.mp4,log 45;log 46
LOG-44.mp4,
LOG-43.mp4,
LOG-42.mp4,
LOG-41.mp4,
LOG-40.mp4,
LOG-39..mp4,log 39.5
LOG-39.mp4,
LOG-38.mp4,
LOG-37.mp4,
LOG-36.mp4,
LOG-35.mp4,
LOG-34.mp4,
LOG-33.mp4,
LOG-32.mp4,
LOG-31.mp4,
30,log 30
LOG-29.mp4,
LOG-28.mp4,
LOG-27.mp4,
LOG-26.mp4,
LOG-25.mp4,
LLOOGG--2211..mmpp44,log 21
LOG-20...,
LOG-17.mp4,
LOG-15.mmp44,
LOG-14.mp4 ..0,
LOG-13.mp4,
LOG-12.mp4,
LOG-11.mp4,
LOG-10.mp4,
LOG-9.mp4,
LOG-008.mp4,
LOG-007.mp4,
LOG-005.mp4,
LOG-006.mp4,
LOG-004.mp4,
LOG-003.mp4,
LOG-002.mp4,
LOG-46.mp4,
